{
    "loss": 3.8765885829925537,
    "accuracy": 0.8448275923728943
}