{
    "loss": 1.4779667854309082,
    "accuracy": 0.9396551847457886
}